"南京"应🄿26629","#HEX","§RGb","🄿PanTone"
"南京01","#009ace➍","§000154206","🄿801C"
"南京02","#a6093b➍","§166009061","🄿1945C"
"南京03","#009a44➍","§000154068","🄿347C"
"南京04","#7d55c7➍","§125085199","🄿2665C"
"南京05","#fdda24➃","§253218036","🄿115C"
"南京06","#00b2a9➍","§000178169","🄿326C"
"南京07","#4a7729➍","§074119041","🄿364C"
"南京08","#ab2328➍","§171035040","🄿7621C"
"南京09","#fa4616➍","§250070022","🄿172C"
"南京10","#b9975b➍","§185151091","🄿465C"
"南京11","#ef426f➍","§239066111","🄿191C"
"南京12","#a09200➍","§160146000","🄿399C"
"南京13","#a9c23f➃","§171191067","🄿2300C"
"南京14","#ffc600➍","§255198000","🄿7548C"
"南京15","#307fe2➍","§048127226","🄿2727C"
"南京16","#e277cd➍","226119205","🄿2375C"
"南京17","#8a75d1➍","138117209","🄿2101C"
"南京18","#f1c6a6➍","§241198166","🄿474C"
"南京19","#4e769b➍","§078118155","🄿2159C"
"南京20","#008578➍","§000133120","🄿3282C"
"南京29","#6CACE4➍","§108172228","🄿284C"
"南京S1","#00B2A9➍","§000178169","🄿326C"
"南京S1&","#00AB84➍","§000171132","🄿GreenC"
"南京S2","#AB2328➍","§171035040","🄿7621C"
"南京S2&","#CB333B➍","§203051059","🄿1797C"
"南京S3","#B06C95➍","§176108149","🄿681C"
"南京S3e","#AD5389➍","§173083137","🄿2061C"
"南京S4","#FF7500➍","§255117000","🄿2018C"
"南京S4&","#E35205➍","§227082005","🄿166C"
"南京S5","#F5DF4D➃","§245223077","🄿13-0647TCX"
"南京S5&","#EADA24➃","§234218036","🄿604C"
"南京S6","#C98BDB➍","§201139219","🄿2572C"
"南京S7","#E89CAE➍","§232156174","🄿197C"
"南京S8","#EA7600➍","§234118000","🄿716C"
"南京S9","#F1B434➍","§241180052","🄿143C"
"南京S10","#606EB2➍","§096110178","🄿7456C"
"南京S11","#7A5D53➍","§122093083","🄿4042C"
"南京T1","#489FDF➍","§072159223","🄿2171C"
"南京T2","#93DA49➃","§147218073","🄿2285C"
"南京T3","#F57EB6➍","§245126182","🄿211C"
"南京T4","#ff8674➃","§255136116","🄿170C"
"南京京市铁路","#94795d➍","§148121093","🄿7504C"
"南京公示&","#003A70➍","§000058112","🄿654C"
"南京M01","#FFC600➍","§255198000","🄿7548C
"南京M02","#6CACE4➍","§108172228","🄿284C
"南京M05","#8db9ca➍","§141185202","🄿550C"
"南京M06","#FC9BB3➍","§252155179","🄿183C"
"南京M07","#97d700➍","§151215000","🄿375C"
"南京M08","#f6be00➍","§246190000","🄿7408C"
